,SiteCode,Specie,X,N,AB,DA,DoA,sindr,ssindr,major_disp,fdiam,flen,seeddiam,seedlen,wooden,Tre.size.max,blacklisted,blackwood,forest_size,effort_ha,dominio,lat_munici,altitude,PP,Temp,Lat,Longitud,ESTADIO,forest.type,ALT_RAST,TEMP_RAST,PP_RASTER,FOREST_RASTER,biomassproxi,Carbonproxi
4211,SPeec1,Sp1,4364,24,0.082283583,2.34375,0.008035506,NA,NA,NA,NA,NA,NA,NA,NA,NA,NA,NA,2178.84,10.24,Florestas de Interior,-20.58699972,751,1811,23.3,-22.411236,-49.701147,primary,FES,577,207,1281,3331,NA,NA
4212,SPeec1,Sp2,4365,66,0.249971778,6.4453125,0.024411306,abiotic,autochoric,NA,7.04,11.78,3.46,6.1,0.378,8,no,no,2178.84,10.24,Florestas de Interior,-20.58699972,751,1811,23.3,-22.411236,-49.701147,primary,FES,577,207,1281,3331,0.040780882,0.011744894
4213,SPeec1,Sp3,4366,11,0.052829733,1.07421875,0.005159154,zoochoric,birds,,8,9,7,8,0.43,15,no,no,2178.84,10.24,Florestas de Interior,-20.58699972,751,1811,23.3,-22.411236,-49.701147,primary,FES,577,207,1281,3331,0.018872273,0.005435214
4214,SPeec1,Sp4,4367,19,0.266625114,1.85546875,0.026037609,zoochoric,mammals,NA,25,25,14,20,0.822,10,yes,yes,2178.84,10.24,Florestas de Interior,-20.58699972,751,1811,23.3,-22.411236,-49.701147,primary,FES,577,207,1281,3331,0.114162501,0.0328788
4215,SPeec1,Sp5,4368,5,0.204772331,0.48828125,0.019997298,abiotic,autochoric,NA,13,106,10,12,0.595,6,no,no,2178.84,10.24,Florestas de Interior,-20.58699972,751,1811,23.3,-22.411236,-49.701147,primary,FES,577,207,1281,3331,0.03948228,0.011370897
4216,SPeec1,Sp6,4369,17,0.664525284,1.66015625,0.064895047,abiotic,autochoric,,14.5,34.88,6.89,9.2,0.6,13,no,no,2178.84,10.24,Florestas de Interior,-20.58699972,751,1811,23.3,-22.411236,-49.701147,primary,FES,577,207,1281,3331,0.262445138,0.0755842
4217,SPeec1,Sp7,4370,9,0.744862879,0.87890625,0.072740516,zoochoric,birds,NA,6,9,5,8,0.4,20,no,no,2178.84,10.24,Florestas de Interior,-20.58699972,751,1811,23.3,-22.411236,-49.701147,primary,FES,577,207,1281,3331,0.300333117,0.086495938
4218,SPeec1,Sp8,4371,1,0.153751633,0.09765625,0.015014808,zoochoric,mixed,,4.7,5.8,4.1,5.8,0.49,30,no,no,2178.84,10.24,Florestas de Interior,-20.58699972,751,1811,23.3,-22.411236,-49.701147,primary,FES,577,207,1281,3331,0.117610829,0.033871919
4219,SPeec1,Sp9,4372,2,0.035413964,0.1953125,0.003458395,zoochoric,mixed,,7.86,8.73,5.74,7.69,0.65,20,no,no,2178.84,10.24,Florestas de Interior,-20.58699972,751,1811,23.3,-22.411236,-49.701147,primary,FES,577,207,1281,3331,0.02524631,0.007270937
4220,SPeec1,Sp10,4373,2,0.031766053,0.1953125,0.003102154,abiotic,anemochoric,NA,10,20,10,20,0.54,6,no,no,2178.84,10.24,Florestas de Interior,-20.58699972,751,1811,23.3,-22.411236,-49.701147,primary,FES,577,207,1281,3331,0.005929616,0.001707729
4221,SPeec1,Sp11,4374,2,0.033957617,0.1953125,0.003316174,zoochoric,mammals,,115,65.67,7,12.9,0.55,16,no,no,2178.84,10.24,Florestas de Interior,-20.58699972,751,1811,23.3,-22.411236,-49.701147,primary,FES,577,207,1281,3331,0.016622058,0.004787153
4222,SPeec1,Sp12,4375,1,0.021933541,0.09765625,0.002141947,zoochoric,mammals,NA,25,25,5,8,0.59,5,no,no,2178.84,10.24,Florestas de Interior,-20.58699972,751,1811,23.3,-22.411236,-49.701147,primary,FES,577,207,1281,3331,0.00378522,0.001090143
4223,SPeec1,Sp13,4376,18,0.291384849,1.7578125,0.028455552,zoochoric,mammals,NA,37.2,34.5,7.8,17.1,0.473,8,no,no,2178.84,10.24,Florestas de Interior,-20.58699972,751,1811,23.3,-22.411236,-49.701147,primary,FES,577,207,1281,3331,0.058748907,0.016919685
4224,SPeec1,Sp14,4377,3,0.073601124,0.29296875,0.00718761,NA,NA,NA,NA,NA,NA,NA,NA,NA,NA,NA,2178.84,10.24,Florestas de Interior,-20.58699972,751,1811,23.3,-22.411236,-49.701147,primary,FES,577,207,1281,3331,NA,NA
4225,SPeec1,Sp15,4378,652,43.50311371,63.671875,4.248350948,abiotic,anemochoric,,10,48,8.8,37.6,0.74488,30,no,no,2178.84,10.24,Florestas de Interior,-20.58699972,751,1811,23.3,-22.411236,-49.701147,primary,FES,577,207,1281,3331,41.42463549,11.93029502
4226,SPeec1,Sp16,4379,163,6.652553754,15.91796875,0.649663453,abiotic,anemochoric,,1.88,12.99,1.88,12,0.892708333,25,no,no,2178.84,10.24,Florestas de Interior,-20.58699972,751,1811,23.3,-22.411236,-49.701147,primary,FES,577,207,1281,3331,6.730692565,1.938439459
4227,SPeec1,Sp17,4380,352,9.437488231,34.375,0.92162971,abiotic,anemochoric,,30,32,12,22,0.85,30,yes,yes_wood,2178.84,10.24,Florestas de Interior,-20.58699972,751,1811,23.3,-22.411236,-49.701147,primary,FES,577,207,1281,3331,10.73758491,3.092424454
4228,SPeec1,Sp18,4381,8,0.144686883,0.78125,0.014129578,abiotic,anemochoric,,12,130,7.3,9.1,0.7135,7,no,no,2178.84,10.24,Florestas de Interior,-20.58699972,751,1811,23.3,-22.411236,-49.701147,primary,FES,577,207,1281,3331,0.039043547,0.011244541
4229,SPeec1,Sp19,4382,9,0.601870307,0.87890625,0.058776397,abiotic,0,NA,NA,NA,2.6,5.3,0.299,20,no,no,2178.84,10.24,Florestas de Interior,-20.58699972,751,1811,23.3,-22.411236,-49.701147,primary,FES,577,207,1281,3331,0.184440388,0.053118832
4230,SPeec1,Sp20,4383,26,1.579968044,2.5390625,0.154293754,zoochoric,birds,,25,28,9,10,0.56475,30,no,no,2178.84,10.24,Florestas de Interior,-20.58699972,751,1811,23.3,-22.411236,-49.701147,primary,FES,577,207,1281,3331,1.283995513,0.369790708
4231,SPeec1,Sp21,4384,8,0.039246972,0.78125,0.003832712,NA,NA,NA,NA,NA,NA,NA,NA,NA,NA,NA,2178.84,10.24,Florestas de Interior,-20.58699972,751,1811,23.3,-22.411236,-49.701147,primary,FES,577,207,1281,3331,NA,NA
4232,SPeec1,Sp22,4385,7,0.057835872,0.68359375,0.005648034,zoochoric,mammals,NA,22.8,2.3,6,10,0.61,10,no,no,2178.84,10.24,Florestas de Interior,-20.58699972,751,1811,23.3,-22.411236,-49.701147,primary,FES,577,207,1281,3331,0.019517129,0.005620933
4233,SPeec1,Sp23,4386,101,1.77995005,9.86328125,0.173823247,zoochoric,mammals,NA,12.6,13.4,4.9,6,0.86,25,no,no,2178.84,10.24,Florestas de Interior,-20.58699972,751,1811,23.3,-22.411236,-49.701147,primary,FES,577,207,1281,3331,1.814133798,0.522470534
4234,SPeec1,Sp24,4387,20,2.000878597,1.953125,0.1953983,abiotic,anemochoric,,36.63,100.54,11.4,30,0.68034,45,no,no,2178.84,10.24,Florestas de Interior,-20.58699972,751,1811,23.3,-22.411236,-49.701147,primary,FES,577,207,1281,3331,2.859235844,0.823459923
4235,SPeec1,Sp25,4388,1,0.003183099,0.09765625,0.000310849,zoochoric,mixed,,5.8,8.6,6,4.4,0.68,10,no,no,2178.84,10.24,Florestas de Interior,-20.58699972,751,1811,23.3,-22.411236,-49.701147,primary,FES,577,207,1281,3331,0.001312772,0.000378078
4236,SPeec1,Sp26,4389,78,0.812413887,7.6171875,0.079337294,zoochoric,birds,,4,4,6.4,8.6,0.782,40,no,no,2178.84,10.24,Florestas de Interior,-20.58699972,751,1811,23.3,-22.411236,-49.701147,primary,FES,577,207,1281,3331,1.221028734,0.351656275
4237,SPeec1,Sp27,4390,51,0.482258019,4.98046875,0.04709551,zoochoric,birds,,4,5,1.3,22.8,0.745,6,no,no,2178.84,10.24,Florestas de Interior,-20.58699972,751,1811,23.3,-22.411236,-49.701147,primary,FES,577,207,1281,3331,0.112350334,0.032356896
4238,SPeec1,Sp28,4391,2,0.247663315,0.1953125,0.024185871,abiotic,autochoric,,20,300,5,7.2,0.838,15,no,no,2178.84,10.24,Florestas de Interior,-20.58699972,751,1811,23.3,-22.411236,-49.701147,primary,FES,577,207,1281,3331,0.160296869,0.046165498
4239,SPeec1,Sp29,4392,15,0.343134556,1.46484375,0.033509234,zoochoric,mixed,,12.62,230,0.62,2,0.41,16,no,no,2178.84,10.24,Florestas de Interior,-20.58699972,751,1811,23.3,-22.411236,-49.701147,primary,FES,577,207,1281,3331,0.117148523,0.033738774
4240,SPeec1,Sp30,4393,58,1.947057886,5.6640625,0.190142372,abiotic,anemochoric,,38,78,12.5,36.2,0.500775,35,yes,yes,2178.84,10.24,Florestas de Interior,-20.58699972,751,1811,23.3,-22.411236,-49.701147,primary,FES,577,207,1281,3331,1.623873227,0.467675489
4241,SPeec1,Sp31,4394,41,4.052696396,4.00390625,0.395771132,abiotic,anemochoric,NA,80,185,7,9,0.3918,30,no,no,2178.84,10.24,Florestas de Interior,-20.58699972,751,1811,23.3,-22.411236,-49.701147,primary,FES,577,207,1281,3331,2.241917876,0.645672348
4242,SPeec1,Sp32,4395,1,0.013117232,0.09765625,0.00128098,abiotic,anemochoric,,56,157,12.1,26.4,0.75,25,yes,yes_wood,2178.84,10.24,Florestas de Interior,-20.58699972,751,1811,23.3,-22.411236,-49.701147,primary,FES,577,207,1281,3331,0.013768775,0.003965407
4243,SPeec1,Sp33,4396,412,14.14935071,40.234375,1.38177253,abiotic,anemochoric,,70,191,9.6,18.9,0.75,22,no,no,2178.84,10.24,Florestas de Interior,-20.58699972,751,1811,23.3,-22.411236,-49.701147,primary,FES,577,207,1281,3331,10.42712621,3.003012349
4244,SPeec1,Sp34,4397,1,0.002299789,0.09765625,0.000224589,NA,NA,NA,NA,NA,NA,NA,NA,NA,NA,NA,2178.84,10.24,Florestas de Interior,-20.58699972,751,1811,23.3,-22.411236,-49.701147,primary,FES,577,207,1281,3331,NA,NA
4245,SPeec1,Sp35,4398,230,6.977485669,22.4609375,0.681395085,zoochoric,mixed,,24.67,25.67,9.92,15.7,0.685,25,no,no,2178.84,10.24,Florestas de Interior,-20.58699972,751,1811,23.3,-22.411236,-49.701147,primary,FES,577,207,1281,3331,5.455805197,1.571271897
4246,SPeec1,Sp36,4399,17,0.100009704,1.66015625,0.009766573,zoochoric,birds,,15,23.52,11.26,14.4,0.47,18,no,no,2178.84,10.24,Florestas de Interior,-20.58699972,751,1811,23.3,-22.411236,-49.701147,primary,FES,577,207,1281,3331,0.045476157,0.013097133
4247,SPeec1,Sp37,4400,11,0.444730955,1.07421875,0.043430757,abiotic,autochoric,,8,8,3,3.3,0.762666667,20,no,no,2178.84,10.24,Florestas de Interior,-20.58699972,751,1811,23.3,-22.411236,-49.701147,primary,FES,577,207,1281,3331,0.340442692,0.098047495
4248,SPeec1,Sp38,4401,30,5.212919387,2.9296875,0.509074159,abiotic,anemochoric,,NA,NA,2.1,5,0.774966667,25,no,no,2178.84,10.24,Florestas de Interior,-20.58699972,751,1811,23.3,-22.411236,-49.701147,primary,FES,577,207,1281,3331,4.637027009,1.335463779
4249,SPeec1,Sp39,4402,81,1.378995451,7.91015625,0.134667525,zoochoric,mammals,,7.5,9,8,10.6,1.03,12,no,no,2178.84,10.24,Florestas de Interior,-20.58699972,751,1811,23.3,-22.411236,-49.701147,primary,FES,577,207,1281,3331,0.829810408,0.238985397
4250,SPeec1,Sp40,4403,14,0.50921449,1.3671875,0.049727978,zoochoric,mammals,,18,20,11,18,0.823,10,no,no,2178.84,10.24,Florestas de Interior,-20.58699972,751,1811,23.3,-22.411236,-49.701147,primary,FES,577,207,1281,3331,0.213685264,0.061541356
4251,SPeec1,Sp41,4404,3,0.055649799,0.29296875,0.005434551,abiotic,anemochoric,,6,12,2.6,13,0.675,30,no,no,2178.84,10.24,Florestas de Interior,-20.58699972,751,1811,23.3,-22.411236,-49.701147,primary,FES,577,207,1281,3331,0.060000971,0.01728028
4252,SPeec1,Sp42,4405,2,0.048552523,0.1953125,0.004741457,abiotic,anemochoric,,20.48,34.98,5,6.8,0.6,5,no,no,2178.84,10.24,Florestas de Interior,-20.58699972,751,1811,23.3,-22.411236,-49.701147,primary,FES,577,207,1281,3331,0.008296243,0.002389318
4253,SPeec1,Sp43,4406,451,14.26924088,44.04296875,1.393480554,abiotic,autochoric,,10,8,3.3,5.4,0.575,10,no,no,2178.84,10.24,Florestas de Interior,-20.58699972,751,1811,23.3,-22.411236,-49.701147,primary,FES,577,207,1281,3331,3.792954586,1.092370921
4254,SPeec1,Sp44,4407,2,0.004656396,0.1953125,0.000454726,NA,NA,NA,NA,NA,NA,NA,NA,NA,NA,NA,2178.84,10.24,Florestas de Interior,-20.58699972,751,1811,23.3,-22.411236,-49.701147,primary,FES,577,207,1281,3331,NA,NA
4255,SPeec1,Sp45,4408,43,0.548029675,4.19921875,0.053518523,zoochoric,birds,,20,21,7.4,11,0.655,25,no,no,2178.84,10.24,Florestas de Interior,-20.58699972,751,1811,23.3,-22.411236,-49.701147,primary,FES,577,207,1281,3331,0.446234322,0.128515485
4256,SPeec1,Sp46,4409,48,1.696633869,4.6875,0.165686901,abiotic,anemochoric,,8,32,4.3,10,0.792,30,no,no,2178.84,10.24,Florestas de Interior,-20.58699972,751,1811,23.3,-22.411236,-49.701147,primary,FES,577,207,1281,3331,1.907714149,0.549421675
4257,SPeec1,Sp47,4410,1,0.005630584,0.09765625,0.000549862,zoochoric,mammals,,20,21,8.7,18.7,0.83,9,no,no,2178.84,10.24,Florestas de Interior,-20.58699972,751,1811,23.3,-22.411236,-49.701147,primary,FES,577,207,1281,3331,0.002495735,0.000718772
4258,SPeec1,Sp48,4411,12,0.081897632,1.171875,0.007997816,zoochoric,mixed,,18,20,12.5,18.7,0.631,20,yes,yes,2178.84,10.24,Florestas de Interior,-20.58699972,751,1811,23.3,-22.411236,-49.701147,primary,FES,577,207,1281,3331,0.055187144,0.015893897
4259,SPeec1,Sp49,4412,16,1.038576642,1.5625,0.1014235,zoochoric,mammals,,40,210,6,13,0.419916667,20,no,no,2178.84,10.24,Florestas de Interior,-20.58699972,751,1811,23.3,-22.411236,-49.701147,primary,FES,577,207,1281,3331,0.434126515,0.125028436
4260,SPeec1,Sp50,4413,187,4.051982681,18.26171875,0.395701434,abiotic,anemochoric,,26,28,6,9,0.96,30,no,no,2178.84,10.24,Florestas de Interior,-20.58699972,751,1811,23.3,-22.411236,-49.701147,primary,FES,577,207,1281,3331,5.332462124,1.535749092
4261,SPeec1,Sp51,4414,33,0.215939915,3.22265625,0.021087882,NA,NA,NA,NA,NA,NA,NA,NA,NA,NA,NA,2178.84,10.24,Florestas de Interior,-20.58699972,751,1811,23.3,-22.411236,-49.701147,primary,FES,577,207,1281,3331,NA,NA
4262,SPeec1,Sp52,4415,11,0.058959108,1.07421875,0.005757725,zoochoric,mammals,,12,10,10.7,10,0.87,9,no,no,2178.84,10.24,Florestas de Interior,-20.58699972,751,1811,23.3,-22.411236,-49.701147,primary,FES,577,207,1281,3331,0.025313563,0.007290306
4263,SPeec1,Sp53,4416,169,1.291730166,16.50390625,0.126145524,zoochoric,birds,NA,5.6,5.7,5.3,6.6,0.628,20,no,no,2178.84,10.24,Florestas de Interior,-20.58699972,751,1811,23.3,-22.411236,-49.701147,primary,FES,577,207,1281,3331,0.791160905,0.227854341
4264,SPeec1,Sp54,4417,19,0.059354449,1.85546875,0.005796333,NA,NA,NA,NA,NA,NA,NA,NA,NA,NA,NA,2178.84,10.24,Florestas de Interior,-20.58699972,751,1811,23.3,-22.411236,-49.701147,primary,FES,577,207,1281,3331,NA,NA
4265,SPeec1,Sp55,4418,1,0.050929582,0.09765625,0.004973592,zoochoric,birds,,18,25,11.4,16,0.83,12,no,no,2178.84,10.24,Florestas de Interior,-20.58699972,751,1811,23.3,-22.411236,-49.701147,primary,FES,577,207,1281,3331,0.027728211,0.007985725
4266,SPeec1,Sp56,4419,13,0.112405168,1.26953125,0.010977067,zoochoric,birds,,12.46,12.8,10,11.7,0.92,20,no,no,2178.84,10.24,Florestas de Interior,-20.58699972,751,1811,23.3,-22.411236,-49.701147,primary,FES,577,207,1281,3331,0.107940402,0.031086836
4267,SPeec1,Sp57,4420,5,0.052507921,0.48828125,0.005127727,zoochoric,mixed,,10,14,1.2,1.6,0.45,5,no,no,2178.84,10.24,Florestas de Interior,-20.58699972,751,1811,23.3,-22.411236,-49.701147,primary,FES,577,207,1281,3331,0.006775664,0.001951391
4268,SPeec1,Sp58,4421,6,4.342610263,0.5859375,0.424083034,NA,NA,NA,NA,NA,NA,NA,NA,NA,NA,NA,2178.84,10.24,Florestas de Interior,-20.58699972,751,1811,23.3,-22.411236,-49.701147,primary,FES,577,207,1281,3331,NA,NA
4269,SPeec1,Sp59,4422,5,4.461224463,0.48828125,0.435666451,zoochoric,birds,NA,12.3,14.5,0.7,1.6,0.42,30,no,no,2178.84,10.24,Florestas de Interior,-20.58699972,751,1811,23.3,-22.411236,-49.701147,primary,FES,577,207,1281,3331,2.631149686,0.75777111
4270,SPeec1,Sp60,4423,35,4.552347671,3.41796875,0.444565202,abiotic,anemochoric,,10,31,6.5,7,0.62,30,no,no,2178.84,10.24,Florestas de Interior,-20.58699972,751,1811,23.3,-22.411236,-49.701147,primary,FES,577,207,1281,3331,3.910268121,1.126157219
4271,SPeec1,Sp61,4424,7,0.035821878,0.68359375,0.00349823,NA,NA,NA,NA,NA,NA,NA,NA,NA,NA,NA,2178.84,10.24,Florestas de Interior,-20.58699972,751,1811,23.3,-22.411236,-49.701147,primary,FES,577,207,1281,3331,NA,NA
4272,SPeec1,Sp62,4425,2,0.014451269,0.1953125,0.001411257,zoochoric,birds,,6.53,6.95,3.84,6.1,0.83,20,no,no,2178.84,10.24,Florestas de Interior,-20.58699972,751,1811,23.3,-22.411236,-49.701147,primary,FES,577,207,1281,3331,0.013440726,0.003870929
4273,SPeec1,Sp63,4426,1,0.003344243,0.09765625,0.000326586,zoochoric,birds,,12,16,10,13,0.62220625,20,no,no,2178.84,10.24,Florestas de Interior,-20.58699972,751,1811,23.3,-22.411236,-49.701147,primary,FES,577,207,1281,3331,0.002470233,0.000711427
4274,SPeec1,Sp64,4427,5,0.054450805,0.48828125,0.005317461,zoochoric,mixed,,40,40,10,20,0.82,25,no,no,2178.84,10.24,Florestas de Interior,-20.58699972,751,1811,23.3,-22.411236,-49.701147,primary,FES,577,207,1281,3331,0.059451643,0.017122073
4275,SPeec1,Sp65,4428,1,0.00257831,0.09765625,0.000251788,zoochoric,birds,,20,28,8.6,12.8,0.65,10,no,no,2178.84,10.24,Florestas de Interior,-20.58699972,751,1811,23.3,-22.411236,-49.701147,primary,FES,577,207,1281,3331,0.001025039,0.000295211
4276,SPeec1,Sp66,4429,1,0.006061893,0.09765625,0.000591982,abiotic,anemochoric,NA,10,340,6,22,0.85,15,no,no,2178.84,10.24,Florestas de Interior,-20.58699972,751,1811,23.3,-22.411236,-49.701147,primary,FES,577,207,1281,3331,0.004495062,0.001294578
4277,SPeec1,Sp67,4430,8,0.244261139,0.78125,0.023853627,abiotic,anemochoric,,NA,NA,16.6,23.3,0.22,12,yes,yes,2178.84,10.24,Florestas de Interior,-20.58699972,751,1811,23.3,-22.411236,-49.701147,primary,FES,577,207,1281,3331,0.034971661,0.010071838
4278,SPeec1,Sp68,4431,105,3.736968966,10.25390625,0.364938376,zoochoric,bats,,30,32,2,2.1,0.92,12,no,no,2178.84,10.24,Florestas de Interior,-20.58699972,751,1811,23.3,-22.411236,-49.701147,primary,FES,577,207,1281,3331,1.950904492,0.561860494
4279,SPeec1,Sp69,4432,2,0.012465333,0.1953125,0.001217318,zoochoric,mammals,,50,120,19.1,29,0.844651282,20,yes,yes_wood,2178.84,10.24,Florestas de Interior,-20.58699972,751,1811,23.3,-22.411236,-49.701147,primary,FES,577,207,1281,3331,0.011849093,0.003412539
4280,SPeec1,Sp70,4433,38,0.153095357,3.7109375,0.014950718,zoochoric,mammals,NA,15,110,9,11,0.585,15,no,no,2178.84,10.24,Florestas de Interior,-20.58699972,751,1811,23.3,-22.411236,-49.701147,primary,FES,577,207,1281,3331,0.071115443,0.020481248
4281,SPeec1,Sp71,4434,41,1.033217657,4.00390625,0.100900162,zoochoric,mammals,NA,34,96,3.18,16.8,0.579,20,no,no,2178.84,10.24,Florestas de Interior,-20.58699972,751,1811,23.3,-22.411236,-49.701147,primary,FES,577,207,1281,3331,0.589334535,0.169728346
4282,SPeec1,Sp72,4435,5,0.022785656,0.48828125,0.002225162,NA,NA,NA,NA,NA,NA,NA,NA,NA,NA,NA,2178.84,10.24,Florestas de Interior,-20.58699972,751,1811,23.3,-22.411236,-49.701147,primary,FES,577,207,1281,3331,NA,NA
4283,SPeec1,Sp73,4436,25,0.619749508,2.44140625,0.060522413,abiotic,anemochoric,,46.7,48,8,8,0.54,25,no,no,2178.84,10.24,Florestas de Interior,-20.58699972,751,1811,23.3,-22.411236,-49.701147,primary,FES,577,207,1281,3331,0.416994593,0.120094443
4284,SPeec1,Sp74,4437,26,1.769265501,2.5390625,0.172779834,zoochoric,mammals,,42,68,5,6.1,0.325,30,no,no,2178.84,10.24,Florestas de Interior,-20.58699972,751,1811,23.3,-22.411236,-49.701147,primary,FES,577,207,1281,3331,0.839505051,0.241777455
4285,SPeec1,Sp75,4438,1,0.075648334,0.09765625,0.007387533,abiotic,autochoric,NA,19,65,8,13,0.89,12,no,no,2178.84,10.24,Florestas de Interior,-20.58699972,751,1811,23.3,-22.411236,-49.701147,primary,FES,577,207,1281,3331,0.043491289,0.012525491
4286,SPeec1,Sp76,4439,52,2.17122436,5.078125,0.212033629,abiotic,anemochoric,NA,9.79,89.04,2.49,9.4,0.74,3,no,no,2178.84,10.24,Florestas de Interior,-20.58699972,751,1811,23.3,-22.411236,-49.701147,primary,FES,577,207,1281,3331,0.24464123,0.070456674
4287,SPeec1,Sp77,4440,1,0.133453409,0.09765625,0.013032559,abiotic,anemochoric,,10,20,4.3,11.3,0.60155,25,no,no,2178.84,10.24,Florestas de Interior,-20.58699972,751,1811,23.3,-22.411236,-49.701147,primary,FES,577,207,1281,3331,0.104845975,0.030195641
4288,SPeec1,Sp78,4441,5,0.088070457,0.48828125,0.008600631,abiotic,anemochoric,NA,17,63,8,12,0.66,8,no,no,2178.84,10.24,Florestas de Interior,-20.58699972,751,1811,23.3,-22.411236,-49.701147,primary,FES,577,207,1281,3331,0.025491829,0.007341647
4289,SPeec1,Sp79,4442,16,0.565884154,1.5625,0.055262124,abiotic,anemochoric,NA,18,47,6,16,0.95,18,no,no,2178.84,10.24,Florestas de Interior,-20.58699972,751,1811,23.3,-22.411236,-49.701147,primary,FES,577,207,1281,3331,0.479979255,0.138234026
4290,SPeec1,Sp80,4443,103,3.528916054,10.05859375,0.344620708,abiotic,anemochoric,,12,58,7,12,0.84,15,no,no,2178.84,10.24,Florestas de Interior,-20.58699972,751,1811,23.3,-22.411236,-49.701147,primary,FES,577,207,1281,3331,2.097430795,0.604060069
4291,SPeec1,Sp81,4444,2,0.102249411,0.1953125,0.009985294,zoochoric,mixed,,12.6,14.2,2.1,2.5,0.8366,30,no,no,2178.84,10.24,Florestas de Interior,-20.58699972,751,1811,23.3,-22.411236,-49.701147,primary,FES,577,207,1281,3331,0.132981888,0.038298784
4292,SPeec1,Sp82,4445,9,0.151000003,0.87890625,0.014746094,zoochoric,birds,,7.57,9.44,1.75,2.54,0.48,16,no,no,2178.84,10.24,Florestas de Interior,-20.58699972,751,1811,23.3,-22.411236,-49.701147,primary,FES,577,207,1281,3331,0.061687557,0.017766017
4293,SPeec1,Sp83,4446,1,0.001790493,0.09765625,0.000174853,zoochoric,birds,,8,10,7.5,10,0.83,20,no,no,2178.84,10.24,Florestas de Interior,-20.58699972,751,1811,23.3,-22.411236,-49.701147,primary,FES,577,207,1281,3331,0.001783915,0.000513767
4294,SPeec1,Sp84,4447,3,0.024071708,0.29296875,0.002350753,zoochoric,birds,,9.5,12,7,5.5,0.73,12,no,no,2178.84,10.24,Florestas de Interior,-20.58699972,751,1811,23.3,-22.411236,-49.701147,primary,FES,577,207,1281,3331,0.011864925,0.003417098
4295,SPeec1,Sp85,4448,5,0.047981236,0.48828125,0.004685668,zoochoric,birds,,7,1,5.7,12.5,0.59,20,no,no,2178.84,10.24,Florestas de Interior,-20.58699972,751,1811,23.3,-22.411236,-49.701147,primary,FES,577,207,1281,3331,0.030837085,0.00888108
4296,SPeec1,Sp86,4449,4621,32.3440466,451.2695313,3.158598301,abiotic,autochoric,NA,NA,NA,5,7.5,0.763,5,no,no,2178.84,10.24,Florestas de Interior,-20.58699972,751,1811,23.3,-22.411236,-49.701147,primary,FES,577,207,1281,3331,5.628053837,1.620879505
4297,SPeec1,Sp87,4450,37,0.571154251,3.61328125,0.055776782,zoochoric,birds,,10,11,10,13.6,0.63,10,no,no,2178.84,10.24,Florestas de Interior,-20.58699972,751,1811,23.3,-22.411236,-49.701147,primary,FES,577,207,1281,3331,0.184395159,0.053105806
4298,SPeec1,Sp88,4451,1,0.00257831,0.09765625,0.000251788,zoochoric,mixed,,12.5,11,8.8,10,0.91,20,no,no,2178.84,10.24,Florestas de Interior,-20.58699972,751,1811,23.3,-22.411236,-49.701147,primary,FES,577,207,1281,3331,0.002774369,0.000799018
4299,SPeec1,Sp89,4452,6,0.018274091,0.5859375,0.001784579,zoochoric,mammals,,7.5,5.91,4.5,6.5,0.8375,14,no,no,2178.84,10.24,Florestas de Interior,-20.58699972,751,1811,23.3,-22.411236,-49.701147,primary,FES,577,207,1281,3331,0.012049635,0.003470295
4300,SPeec1,Sp90,4453,12,1.971041258,1.171875,0.192484498,abiotic,anemochoric,NA,14,54,8,12,0.95,20,no,no,2178.84,10.24,Florestas de Interior,-20.58699972,751,1811,23.3,-22.411236,-49.701147,primary,FES,577,207,1281,3331,1.776568654,0.511651772
4301,SPeec1,Sp91,4454,3,0.021812185,0.29296875,0.002130096,NA,NA,NA,NA,NA,NA,NA,NA,NA,NA,NA,2178.84,10.24,Florestas de Interior,-20.58699972,751,1811,23.3,-22.411236,-49.701147,primary,FES,577,207,1281,3331,NA,NA
4302,SPeec1,Sp92,4455,6,0.290705894,0.5859375,0.028389247,zoochoric,mixed,,3.8,4.4,3.5,3.7,0.82,20,no,no,2178.84,10.24,Florestas de Interior,-20.58699972,751,1811,23.3,-22.411236,-49.701147,primary,FES,577,207,1281,3331,0.242061934,0.069713837
4303,SPeec1,Sp93,4456,28,0.849404825,2.734375,0.08294969,zoochoric,mixed,,7.4,12,9,9.4,0.5895,25,no,no,2178.84,10.24,Florestas de Interior,-20.58699972,751,1811,23.3,-22.411236,-49.701147,primary,FES,577,207,1281,3331,0.615677038,0.177314987
4304,SPeec1,Sp94,4457,68,0.788105755,6.640625,0.076963453,NA,NA,NA,NA,NA,NA,NA,NA,NA,NA,NA,2178.84,10.24,Florestas de Interior,-20.58699972,751,1811,23.3,-22.411236,-49.701147,primary,FES,577,207,1281,3331,NA,NA
4305,SPeec1,Sp95,4458,3,0.500621873,0.29296875,0.048888855,zoochoric,mammals,NA,1.6,16.2,10.6,16,0.521566504,13,no,no,2178.84,10.24,Florestas de Interior,-20.58699972,751,1811,23.3,-22.411236,-49.701147,primary,FES,577,207,1281,3331,0.17428223,0.050193282
4306,SPeec1,Sp96,4459,686,18.76191322,66.9921875,1.832218088,zoochoric,0,NA,10,20,8,18,0.473,18,no,no,2178.84,10.24,Florestas de Interior,-20.58699972,751,1811,23.3,-22.411236,-49.701147,primary,FES,577,207,1281,3331,7.224130584,2.080549608
4307,SPeec1,Sp97,4460,4,0.262359682,0.390625,0.025621063,zoochoric,birds,NA,15,NA,12.75,NA,0.7,14,no,no,2178.84,10.24,Florestas de Interior,-20.58699972,751,1811,23.3,-22.411236,-49.701147,primary,FES,577,207,1281,3331,0.133225885,0.038369055
4308,SPeec1,Sp98,4461,13,0.551547874,1.26953125,0.053862097,zoochoric,birds,NA,9,13,6.5,11,0.521566504,25,no,no,2178.84,10.24,Florestas de Interior,-20.58699972,751,1811,23.3,-22.411236,-49.701147,primary,FES,577,207,1281,3331,0.360229123,0.103745988
4309,SPeec1,Sp99,4462,1,0.167311634,0.09765625,0.016339027,zoochoric,birds,,17.31,37.74,14,15,0.7,20,yes,yes_wood,2178.84,10.24,Florestas de Interior,-20.58699972,751,1811,23.3,-22.411236,-49.701147,primary,FES,577,207,1281,3331,0.121745555,0.03506272
4310,SPeec1,Sp100,4463,1,0.098932702,0.09765625,0.009661397,abiotic,autochoric,,38,41,10,14.3,0.7,18,no,no,2178.84,10.24,Florestas de Interior,-20.58699972,751,1811,23.3,-22.411236,-49.701147,primary,FES,577,207,1281,3331,0.06615095,0.019051473
4311,SPeec1,Sp101,4464,44,4.595016713,4.296875,0.448732101,abiotic,anemochoric,,17,100,10,14,0.87214,20,no,no,2178.84,10.24,Florestas de Interior,-20.58699972,751,1811,23.3,-22.411236,-49.701147,primary,FES,577,207,1281,3331,3.708063701,1.067922346
4312,SPeec1,Sp102,4465,24,4.703593042,2.34375,0.459335258,abiotic,anemochoric,,15,52,4,9.3,0.785,25,no,no,2178.84,10.24,Florestas de Interior,-20.58699972,751,1811,23.3,-22.411236,-49.701147,primary,FES,577,207,1281,3331,4.25071716,1.224206542
4313,SPeec1,Sp103,4466,2,0.010448522,0.1953125,0.001020363,NA,NA,NA,NA,NA,NA,NA,NA,NA,NA,NA,2178.84,10.24,Florestas de Interior,-20.58699972,751,1811,23.3,-22.411236,-49.701147,primary,FES,577,207,1281,3331,NA,NA
4314,SPeec1,Sp104,4467,20,0.098710363,1.953125,0.009639684,zoochoric,birds,,15.4,13.6,5.04,6.5,0.6535137,7,no,no,2178.84,10.24,Florestas de Interior,-20.58699972,751,1811,23.3,-22.411236,-49.701147,primary,FES,577,207,1281,3331,0.024778349,0.007136165
4315,SPeec1,Sp105,4468,43,0.221355719,4.19921875,0.021616769,NA,NA,NA,NA,NA,NA,NA,NA,NA,NA,NA,2178.84,10.24,Florestas de Interior,-20.58699972,751,1811,23.3,-22.411236,-49.701147,primary,FES,577,207,1281,3331,NA,NA
4316,SPeec1,Sp106,4469,4,0.009643596,0.390625,0.000941757,zoochoric,mammals,NA,5.5,9.3,4.1,8.2,1.05,9,no,no,2178.84,10.24,Florestas de Interior,-20.58699972,751,1811,23.3,-22.411236,-49.701147,primary,FES,577,207,1281,3331,0.005271448,0.001518177
4317,SPeec1,Sp107,4470,7,0.025923635,0.68359375,0.002531605,NA,NA,NA,NA,NA,NA,NA,NA,NA,NA,NA,2178.84,10.24,Florestas de Interior,-20.58699972,751,1811,23.3,-22.411236,-49.701147,primary,FES,577,207,1281,3331,NA,NA
4318,SPeec1,Sp108,4471,75,5.508929199,7.32421875,0.537981367,abiotic,autochoric,,25,135,8,9,0.715,20,no,no,2178.84,10.24,Florestas de Interior,-20.58699972,751,1811,23.3,-22.411236,-49.701147,primary,FES,577,207,1281,3331,3.64665143,1.050235612
4319,SPeec1,Sp109,4472,5,0.026107379,0.48828125,0.002549549,abiotic,anemochoric,NA,3,4,0.8,7,0.36,15,no,no,2178.84,10.24,Florestas de Interior,-20.58699972,751,1811,23.3,-22.411236,-49.701147,primary,FES,577,207,1281,3331,0.008038455,0.002315075
4320,SPeec1,Sp110,4473,10,0.589024566,0.9765625,0.05752193,zoochoric,epizoochoric,,4,20,3.3,16.6,0.41,18,no,no,2178.84,10.24,Florestas de Interior,-20.58699972,751,1811,23.3,-22.411236,-49.701147,primary,FES,577,207,1281,3331,0.221380918,0.063757704
4321,SPeec1,Sp111,4474,10,0.311589171,0.9765625,0.03042863,NA,NA,NA,NA,NA,NA,NA,NA,NA,NA,NA,2178.84,10.24,Florestas de Interior,-20.58699972,751,1811,23.3,-22.411236,-49.701147,primary,FES,577,207,1281,3331,NA,NA
4322,SPeec1,Sp112,4475,7,0.042740583,0.68359375,0.004173885,zoochoric,mixed,,9,10,1.1,1.9,0.6,5,no,no,2178.84,10.24,Florestas de Interior,-20.58699972,751,1811,23.3,-22.411236,-49.701147,primary,FES,577,207,1281,3331,0.007333894,0.002112162
4323,SPeec1,Sp113,4476,3,0.033649652,0.29296875,0.003286099,zoochoric,mammals,,9.6,9.3,5.5,6.6,0.86,16,no,no,2178.84,10.24,Florestas de Interior,-20.58699972,751,1811,23.3,-22.411236,-49.701147,primary,FES,577,207,1281,3331,0.025386176,0.007311219
4324,SPeec1,Sp114,4477,2,0.005249646,0.1953125,0.000512661,zoochoric,NA,NA,46,54,11,23,0.68,7,no,no,2178.84,10.24,Florestas de Interior,-20.58699972,751,1811,23.3,-22.411236,-49.701147,primary,FES,577,207,1281,3331,0.001508387,0.000434415
4325,SPeec1,Sp115,4478,43,0.805448153,4.19921875,0.078657046,zoochoric,birds,NA,10,14,6,11,0.714,16,no,no,2178.84,10.24,Florestas de Interior,-20.58699972,751,1811,23.3,-22.411236,-49.701147,primary,FES,577,207,1281,3331,0.457167321,0.131664188
4326,SPeec1,Sp116,4479,3,0.033887589,0.29296875,0.003309335,abiotic,anemochoric,NA,11.5,28.5,0.8,2.2,0.73,8,no,no,2178.84,10.24,Florestas de Interior,-20.58699972,751,1811,23.3,-22.411236,-49.701147,primary,FES,577,207,1281,3331,0.011158749,0.00321372
4327,SPeec1,Sp117,4480,1,0.006785094,0.09765625,0.000662607,NA,NA,NA,NA,NA,NA,NA,NA,NA,NA,NA,2178.84,10.24,Florestas de Interior,-20.58699972,751,1811,23.3,-22.411236,-49.701147,primary,FES,577,207,1281,3331,NA,NA
4328,SPeec1,Sp118,4481,1,0.058571008,0.09765625,0.005719825,abiotic,anemochoric,,5,12,3.2,8,0.643,20,no,no,2178.84,10.24,Florestas de Interior,-20.58699972,751,1811,23.3,-22.411236,-49.701147,primary,FES,577,207,1281,3331,0.040640455,0.011704451
4329,SPeec1,Sp119,4482,2,0.011752717,0.1953125,0.001147726,zoochoric,birds,,6,6.7,5,5,0.435,20,no,no,2178.84,10.24,Florestas de Interior,-20.58699972,751,1811,23.3,-22.411236,-49.701147,primary,FES,577,207,1281,3331,0.005892093,0.001696923
4330,SPeec1,Sp120,4483,158,5.701523709,15.4296875,0.556789425,NA,NA,NA,NA,NA,NA,NA,NA,NA,NA,NA,2178.84,10.24,Florestas de Interior,-20.58699972,751,1811,23.3,-22.411236,-49.701147,primary,FES,577,207,1281,3331,NA,NA
4331,SPeec1,Sp121,4484,1,0.263592417,0.09765625,0.025741447,abiotic,anemochoric,,32,90,19.3,30,0.382566667,30,yes,yes,2178.84,10.24,Florestas de Interior,-20.58699972,751,1811,23.3,-22.411236,-49.701147,primary,FES,577,207,1281,3331,0.155919034,0.044904682
4332,SPeec1,Sp122,4485,35,0.303401126,3.41796875,0.029629016,NA,NA,NA,NA,NA,NA,NA,NA,NA,NA,NA,2178.84,10.24,Florestas de Interior,-20.58699972,751,1811,23.3,-22.411236,-49.701147,primary,FES,577,207,1281,3331,NA,NA
4333,SPeec1,Sp123,4486,67,3.668363954,6.54296875,0.358238667,abiotic,autochoric,,22,100.7,1.39,9.7,0.63,20,no,no,2178.84,10.24,Florestas de Interior,-20.58699972,751,1811,23.3,-22.411236,-49.701147,primary,FES,577,207,1281,3331,2.177529908,0.627128614
4334,SPeec1,Sp124,4487,4,0.043015523,0.390625,0.004200735,zoochoric,birds,NA,4,8,4,10,0.808906857,30,no,no,2178.84,10.24,Florestas de Interior,-20.58699972,751,1811,23.3,-22.411236,-49.701147,primary,FES,577,207,1281,3331,0.055719864,0.016047321
4335,SPeec1,Sp125,4488,44,0.243798157,4.296875,0.023808414,zoochoric,NA,NA,NA,NA,3,5.4,0.462,7,no,no,2178.84,10.24,Florestas de Interior,-20.58699972,751,1811,23.3,-22.411236,-49.701147,primary,FES,577,207,1281,3331,0.042476758,0.012233306
4336,SPeec1,Sp126,4489,1,0.004776638,0.09765625,0.000466469,zoochoric,bats,,15.8,15.9,3.3,4.2,0.53,7,no,no,2178.84,10.24,Florestas de Interior,-20.58699972,751,1811,23.3,-22.411236,-49.701147,primary,FES,577,207,1281,3331,0.001081907,0.000311589
4337,SPeec1,Sp127,4490,16,0.089241041,1.5625,0.008714945,zoochoric,mixed,,9.1,11,9.8,11.2,0.67,12,no,no,2178.84,10.24,Florestas de Interior,-20.58699972,751,1811,23.3,-22.411236,-49.701147,primary,FES,577,207,1281,3331,0.038774921,0.011167177
4338,SPeec1,Sp128,4491,1,0.00229772,0.09765625,0.000224387,zoochoric,birds,NA,13,15,12,NA,0.54,6,yes,yes,2178.84,10.24,Florestas de Interior,-20.58699972,751,1811,23.3,-22.411236,-49.701147,primary,FES,577,207,1281,3331,0.000467678,0.000134691
4339,SPeec1,Sp129,4492,1,0.005174525,0.09765625,0.000505325,abiotic,anemochoric,,7.2,57.04,7.01,14.7,0.786666667,10,no,no,2178.84,10.24,Florestas de Interior,-20.58699972,751,1811,23.3,-22.411236,-49.701147,primary,FES,577,207,1281,3331,0.002417987,0.00069638
4340,SPeec1,Sp130,4493,154,3.635375273,15.0390625,0.355017116,NA,NA,NA,NA,NA,NA,NA,NA,NA,NA,NA,2178.84,10.24,Florestas de Interior,-20.58699972,751,1811,23.3,-22.411236,-49.701147,primary,FES,577,207,1281,3331,NA,NA
4341,SPeec1,Sp131,4494,305,10.38478476,29.78515625,1.014139136,zoochoric,mammals,,25,42.5,16.6,21,0.812,30,yes,yes_wood,2178.84,10.24,Florestas de Interior,-20.58699972,751,1811,23.3,-22.411236,-49.701147,primary,FES,577,207,1281,3331,11.26861324,3.245360612
4342,SPeec1,Sp132,4495,7,0.111665814,0.68359375,0.010904865,zoochoric,birds,NA,16,17,6.1,11.5,0.55,8,no,no,2178.84,10.24,Florestas de Interior,-20.58699972,751,1811,23.3,-22.411236,-49.701147,primary,FES,577,207,1281,3331,0.026885734,0.007743092
4343,SPeec1,Sp133,4496,6,0.118285943,0.5859375,0.011551362,zoochoric,birds,,2.7,3.5,1.7,2,0.25,12,no,no,2178.84,10.24,Florestas de Interior,-20.58699972,751,1811,23.3,-22.411236,-49.701147,primary,FES,577,207,1281,3331,0.019627273,0.005652655
4344,SPeec1,Sp134,4497,2,0.009026075,0.1953125,0.000881453,zoochoric,NA,NA,10,20,8,12,0.78,10,no,no,2178.84,10.24,Florestas de Interior,-20.58699972,751,1811,23.3,-22.411236,-49.701147,primary,FES,577,207,1281,3331,0.004107202,0.001182874
4345,SPeec1,Sp135,4498,592,2.910815551,57.8125,0.284259331,zoochoric,mixed,,5.4,12.7,5,12.5,0.69,6,no,no,2178.84,10.24,Florestas de Interior,-20.58699972,751,1811,23.3,-22.411236,-49.701147,primary,FES,577,207,1281,3331,0.593436027,0.170909576
4346,SPeec1,Sp136,4499,663,4.427340761,64.74609375,0.432357496,zoochoric,mixed,NA,6,9.5,9,6,0.681,15,no,no,2178.84,10.24,Florestas de Interior,-20.58699972,751,1811,23.3,-22.411236,-49.701147,primary,FES,577,207,1281,3331,2.132132833,0.614054256
4347,SPeec1,Sp137,4500,61,0.561830875,5.95703125,0.054866296,zoochoric,mixed,,6.5,8.6,6,7,0.725,25,no,no,2178.84,10.24,Florestas de Interior,-20.58699972,751,1811,23.3,-22.411236,-49.701147,primary,FES,577,207,1281,3331,0.504257363,0.145226121
4348,SPeec1,Sp138,4501,30,0.853588465,2.9296875,0.083358249,zoochoric,birds,,4.3,5,2,2,0.17,20,no,no,2178.84,10.24,Florestas de Interior,-20.58699972,751,1811,23.3,-22.411236,-49.701147,primary,FES,577,207,1281,3331,0.149781968,0.043137207
4349,SPeec1,Sp139,4502,3,0.123831299,0.29296875,0.0120929,zoochoric,birds,,20,20,8.9,13.3,0.81,25,no,no,2178.84,10.24,Florestas de Interior,-20.58699972,751,1811,23.3,-22.411236,-49.701147,primary,FES,577,207,1281,3331,0.130040607,0.037451695
4350,SPeec1,Sp140,4503,2,0.012071902,0.1953125,0.001178897,NA,NA,NA,NA,NA,NA,NA,NA,NA,NA,NA,2178.84,10.24,Florestas de Interior,-20.58699972,751,1811,23.3,-22.411236,-49.701147,primary,FES,577,207,1281,3331,NA,NA
4351,SPeec1,Sp141,4504,13,0.956572933,1.26953125,0.093415326,NA,NA,NA,NA,NA,NA,NA,NA,NA,NA,NA,2178.84,10.24,Florestas de Interior,-20.58699972,751,1811,23.3,-22.411236,-49.701147,primary,FES,577,207,1281,3331,NA,NA
4352,SPeec1,Sp142,4505,25,0.265785572,2.44140625,0.025955622,NA,NA,NA,NA,NA,NA,NA,NA,NA,NA,NA,2178.84,10.24,Florestas de Interior,-20.58699972,751,1811,23.3,-22.411236,-49.701147,primary,FES,577,207,1281,3331,NA,NA
4353,SPeec1,Sp143,4506,5,0.125239025,0.48828125,0.012230374,zoochoric,birds,,3.2,4.3,2.6,2.6,0.57,12,no,no,2178.84,10.24,Florestas de Interior,-20.58699972,751,1811,23.3,-22.411236,-49.701147,primary,FES,577,207,1281,3331,0.04602456,0.013255073
4354,SPeec1,Sp144,4507,6,0.036177908,0.5859375,0.003532999,zoochoric,birds,,4.4,5.6,2.7,4.1,0.48,18,no,no,2178.84,10.24,Florestas de Interior,-20.58699972,751,1811,23.3,-22.411236,-49.701147,primary,FES,577,207,1281,3331,0.017361142,0.005000009
4355,SPeec1,Sp145,4508,11,0.198570938,1.07421875,0.019391693,abiotic,anemochoric,,130,160,35.7,50,0.7485,20,yes,yes_wood,2178.84,10.24,Florestas de Interior,-20.58699972,751,1811,23.3,-22.411236,-49.701147,primary,FES,577,207,1281,3331,0.153294488,0.044148812
